52da6a4a4f3c5,127.0.0.1,POST,http://localhost/LargePhp/web/app_dev.php/admin/login-check,1390045770,
52da6a4aa7519,127.0.0.1,GET,http://localhost/LargePhp/web/app_dev.php/admin/game-management/overview,1390045770,
52da6a4b94395,127.0.0.1,GET,http://localhost/LargePhp/web/app_dev.php/server-info?include-management-info=true,1390045771,
52da6a4d41346,127.0.0.1,GET,http://localhost/LargePhp/web/app_dev.php/admin/game-master/overview,1390045773,
52da6a4ea1d48,127.0.0.1,GET,http://localhost/LargePhp/web/app_dev.php/admin/game-master/favicon.png,1390045774,
52da6a4ea41a8,127.0.0.1,GET,http://localhost/LargePhp/web/app_dev.php/admin/game-master/favicon.png,1390045774,
52da6a4edbd62,127.0.0.1,GET,http://localhost/LargePhp/web/app_dev.php/admin/game-master/realms/edit,1390045774,
52da6a503fd0e,127.0.0.1,GET,http://localhost/LargePhp/web/app_dev.php/admin/game-master/realms/favicon.png,1390045776,
52da6a5041384,127.0.0.1,GET,http://localhost/LargePhp/web/app_dev.php/admin/game-master/realms/favicon.png,1390045776,
52da6a5085b15,127.0.0.1,GET,http://localhost/LargePhp/web/app_dev.php/admin/game-master/users,1390045776,
52da6a525a350,127.0.0.1,GET,http://localhost/LargePhp/web/app_dev.php/admin/game-master/operation-logs,1390045778,
52da6a526b553,127.0.0.1,GET,http://localhost/LargePhp/web/app_dev.php/admin/game-master/operation-logs,1390045778,
52da6a541d443,127.0.0.1,GET,http://localhost/LargePhp/web/app_dev.php/admin/game-management/overview,1390045780,
52da6a545814c,127.0.0.1,GET,http://localhost/LargePhp/web/app_dev.php/server-info?include-management-info=true,1390045780,
52da6a55dfb21,127.0.0.1,GET,http://localhost/LargePhp/web/app_dev.php/admin/game-master/overview,1390045781,
52da6a57a5169,127.0.0.1,GET,http://localhost/LargePhp/web/app_dev.php/admin/game-master/realms/edit,1390045783,
52da6a58dcbff,127.0.0.1,GET,http://localhost/LargePhp/web/app_dev.php/admin/game-master/users,1390045784,
52da6a5a36239,127.0.0.1,GET,http://localhost/LargePhp/web/app_dev.php/admin/game-master/operation-logs,1390045786,
52da6a5d48254,127.0.0.1,GET,http://localhost/LargePhp/web/app_dev.php/admin/game-management/overview,1390045789,
52da6a5d88abd,127.0.0.1,GET,http://localhost/LargePhp/web/app_dev.php/server-info?include-management-info=true,1390045789,
52da6a602af11,127.0.0.1,GET,http://localhost/LargePhp/web/app_dev.php/admin/settings/account,1390045792,
52da6a617e29e,127.0.0.1,GET,http://localhost/LargePhp/web/app_dev.php/admin/settings/favicon.png,1390045793,
52da6a617fa69,127.0.0.1,GET,http://localhost/LargePhp/web/app_dev.php/admin/settings/favicon.png,1390045793,
52da6a62edf19,127.0.0.1,GET,http://localhost/LargePhp/web/app_dev.php/admin/game-master/overview,1390045794,
52da6a64ed1eb,127.0.0.1,GET,http://localhost/LargePhp/web/app_dev.php/admin/game-master/users,1390045796,
52da6a686b612,127.0.0.1,GET,http://localhost/LargePhp/web/app_dev.php/admin/game-master/users/edit/1,1390045800,
52da6a69b076b,127.0.0.1,GET,http://localhost/LargePhp/web/app_dev.php/admin/game-master/users/edit/favicon.png,1390045801,
52da6a69b1e2b,127.0.0.1,GET,http://localhost/LargePhp/web/app_dev.php/admin/game-master/users/edit/favicon.png,1390045801,
52da6a7468c82,127.0.0.1,PUT,http://localhost/LargePhp/web/app_dev.php/admin/game-master/users/1,1390045812,
52da6a75c0969,127.0.0.1,GET,http://localhost/LargePhp/web/app_dev.php/admin/game-master/users/favicon.png,1390045813,
52da6a75c20cb,127.0.0.1,GET,http://localhost/LargePhp/web/app_dev.php/admin/game-master/users/favicon.png,1390045813,
52da6a7d34ed2,127.0.0.1,GET,http://localhost/LargePhp/web/app_dev.php/admin/game-master/users,1390045821,
52da6a7fd516a,127.0.0.1,GET,http://localhost/LargePhp/web/app_dev.php/admin/game-master/users/edit/1,1390045823,
52da6a98821ae,127.0.0.1,PUT,http://localhost/LargePhp/web/app_dev.php/admin/game-master/users/1,1390045848,
52da6aa36381d,127.0.0.1,PUT,http://localhost/LargePhp/web/app_dev.php/admin/game-master/users/1,1390045859,
52da6aa658cde,127.0.0.1,GET,http://localhost/LargePhp/web/app_dev.php/admin/game-master/users,1390045862,
52da6aa6889d4,127.0.0.1,GET,http://localhost/LargePhp/web/app_dev.php/admin/game-master/users,1390045862,
52da6aa8ec22a,127.0.0.1,GET,http://localhost/LargePhp/web/app_dev.php/admin/game-master/users/edit/1,1390045864,
52da6abe8c202,127.0.0.1,GET,http://localhost/LargePhp/web/app_dev.php/admin/game-master/users/new,1390045886,
52da6ac4162af,127.0.0.1,GET,http://localhost/LargePhp/web/app_dev.php/admin/game-master/users,1390045892,
52da6ac5f128e,127.0.0.1,GET,http://localhost/LargePhp/web/app_dev.php/admin/game-master/users/new,1390045893,
52da6b004edc8,127.0.0.1,GET,http://localhost/LargePhp/web/app_dev.php/admin/game-master/users,1390045952,
52da6b0050922,127.0.0.1,POST,http://localhost/LargePhp/web/app_dev.php/admin/game-master/users,1390045952,
52da6b00ef1bd,127.0.0.1,GET,http://localhost/LargePhp/web/app_dev.php/admin/game-master/users,1390045952,
52da6b00f2372,127.0.0.1,POST,http://localhost/LargePhp/web/app_dev.php/admin/game-master/users,1390045952,
52da6b1b519b2,127.0.0.1,POST,http://localhost/LargePhp/web/app_dev.php/admin/game-master/users,1390045979,
52da6b3319921,127.0.0.1,POST,http://localhost/LargePhp/web/app_dev.php/admin/game-master/users,1390046003,
52da6b334a829,127.0.0.1,GET,http://localhost/LargePhp/web/app_dev.php/admin/game-master/users,1390046003,
52da6b3b7a9c7,127.0.0.1,GET,http://localhost/LargePhp/web/app_dev.php/admin/game-master/users/edit/1,1390046011,
52da6b4426e6d,127.0.0.1,GET,http://localhost/LargePhp/web/app_dev.php/admin/game-master/users,1390046020,
52da6b4df0201,127.0.0.1,GET,http://localhost/LargePhp/web/app_dev.php/admin/logout,1390046029,
52da6b4e2be4b,127.0.0.1,GET,http://localhost/LargePhp/web/app_dev.php/admin/login,1390046030,
52da6b5cf1f8f,127.0.0.1,POST,http://localhost/LargePhp/web/app_dev.php/admin/login-check,1390046044,
52da6b5d291fb,127.0.0.1,GET,http://localhost/LargePhp/web/app_dev.php/admin/game-management/overview,1390046045,
52da6b5d703ef,127.0.0.1,GET,http://localhost/LargePhp/web/app_dev.php/server-info?include-management-info=true,1390046045,
52da6b626fcd3,127.0.0.1,GET,http://localhost/LargePhp/web/app_dev.php/admin/game-master/overview,1390046050,
52da6b659dea5,127.0.0.1,GET,http://localhost/LargePhp/web/app_dev.php/admin/game-master/realms/edit,1390046053,
52da6b674d2ff,127.0.0.1,GET,http://localhost/LargePhp/web/app_dev.php/admin/game-master/users,1390046055,
52da6b6b083f2,127.0.0.1,GET,http://localhost/LargePhp/web/app_dev.php/admin/game-master/operation-logs,1390046059,
52da6b6cae943,127.0.0.1,GET,http://localhost/LargePhp/web/app_dev.php/admin/game-master/users,1390046060,
52da6c1878a04,127.0.0.1,GET,http://localhost/LargePhp/web/app_dev.php/admin/game-master/users,1390046232,
52da6c1c081e5,127.0.0.1,GET,http://localhost/LargePhp/web/app_dev.php/admin/game-master/operation-logs,1390046236,
52da6c1d60a12,127.0.0.1,GET,http://localhost/LargePhp/web/app_dev.php/admin/game-master/users,1390046237,
52da6c1e4345a,127.0.0.1,GET,http://localhost/LargePhp/web/app_dev.php/admin/game-master/realms/edit,1390046238,
52da6c1f4e9c4,127.0.0.1,GET,http://localhost/LargePhp/web/app_dev.php/admin/game-management/overview,1390046239,
52da6c1f81273,127.0.0.1,GET,http://localhost/LargePhp/web/app_dev.php/admin/game-management/overview,1390046239,
52da6c1fc4f2a,127.0.0.1,GET,http://localhost/LargePhp/web/app_dev.php/server-info?include-management-info=true,1390046239,
52da6c3db8a80,127.0.0.1,GET,http://localhost/LargePhp/web/app_dev.php/server-info?include-management-info=true,1390046269,
52da6c5bb6dc8,127.0.0.1,GET,http://localhost/LargePhp/web/app_dev.php/server-info?include-management-info=true,1390046299,
52da6c79b37ea,127.0.0.1,GET,http://localhost/LargePhp/web/app_dev.php/server-info?include-management-info=true,1390046329,
52da6c97b7511,127.0.0.1,GET,http://localhost/LargePhp/web/app_dev.php/server-info?include-management-info=true,1390046359,
